mineral,country,production_2023e,reserves,unit
Copper,World,22000,1000000,thousand metric tons (Cu content)
Copper,Argentina,0,0,thousand metric tons (Cu content)
Copper,Bolivia,0,0,thousand metric tons (Cu content)
Copper,Brazil,0,0,thousand metric tons (Cu content)
Copper,Chile,5000,190000,thousand metric tons (Cu content)
Copper,Peru,2600,120000,thousand metric tons (Cu content)
Graphite,World,1600000,280000000,metric tons
Graphite,Argentina,0,0,metric tons
Graphite,Bolivia,0,0,metric tons
Graphite,Brazil,73000,74000000,metric tons
Graphite,Chile,0,0,metric tons
Graphite,Peru,0,0,metric tons
Lithium,World,180000,28000000,metric tons (Li content)
Lithium,Argentina,9600,3600000,metric tons (Li content)
Lithium,Bolivia,0,0,metric tons (Li content)
Lithium,Brazil,4900,390000,metric tons (Li content)
Lithium,Chile,44000,9300000,metric tons (Li content)
Lithium,Peru,0,0,metric tons (Li content)
Nickel,World,3600000,130000000,metric tons (Ni content)
Nickel,Argentina,0,0,metric tons (Ni content)
Nickel,Bolivia,0,0,metric tons (Ni content)
Nickel,Brazil,89000,16000000,metric tons (Ni content)
Nickel,Chile,0,0,metric tons (Ni content)
Nickel,Peru,0,0,metric tons (Ni content)
Rare earths,World,350000,110000000,metric tons (REO equivalent)
Rare earths,Argentina,0,0,metric tons (REO equivalent)
Rare earths,Bolivia,0,0,metric tons (REO equivalent)
Rare earths,Brazil,80,21000000,metric tons (REO equivalent)
Rare earths,Chile,0,0,metric tons (REO equivalent)
Rare earths,Peru,0,0,metric tons (REO equivalent)
Silver,World,26000,610000,metric tons (Ag content)
Silver,Argentina,910,6500,metric tons (Ag content)
Silver,Bolivia,1200,22000,metric tons (Ag content)
Silver,Brazil,0,0,metric tons (Ag content)
Silver,Chile,1400,26000,metric tons (Ag content)
Silver,Peru,3100,110000,metric tons (Ag content)
